item_id,sku,price,title,link
178511275144,COMIC-ALPHAFLIGHT-69-1989,4.74,Alpha Flight #69 Marvel Comics 1989 Wrath of Dreamqueen 1st China Force,https://www.ebay.com/itm/178511275144
178511320045,COMIC-ALPHAFLIGHT-10-1998,2.84,Alpha Flight #10 Marvel Comics 1998 Into the Prometheus Pit Direct Ed,https://www.ebay.com/itm/178511320045
178511337184,COMIC-ALPHAFLIGHT-51-1987,7.59,Alpha Flight #51 Marvel Comics 1987 1st Jim Lee Marvel Interior Art,https://www.ebay.com/itm/178511337184
178511341026,COMIC-ALPHAFLIGHT-72-1989,3.79,Alpha Flight #72 Marvel Comics 1989 Evil in Edmonton,https://www.ebay.com/itm/178511341026
178511344151,COMIC-ALPHAFLIGHT-71-1989,3.79,Alpha Flight #71 Marvel Comics 1989 Resurrection of the Sorcerer,https://www.ebay.com/itm/178511344151
178511346100,MAG-PLAYBOY-1986-08,9.49,Playboy Magazine August 1986 Brigitte Nielsen Nude Sigourney Weaver Vintage,https://www.ebay.com/itm/178511346100
178511350286,MAG-PLAYBOY-1988-12,9.49,Playboy Magazine December 1988 Gala Christmas Bonanza Norman Mailer,https://www.ebay.com/itm/178511350286
178511360718,MAG-PLAYBOY-1987-01,9.49,Playboy Magazine January 1987 Holiday Anniversary Issue Erte Art Deco Cover,https://www.ebay.com/itm/178511360718
178511364419,MAG-PLAYBOY-1988-10,9.49,Playboy Magazine October 1988 Special College Issue Centerfold,https://www.ebay.com/itm/178511364419
178511371940,MAG-PLAYBOY-1988-09,9.49,Playboy Magazine September 1988 The New Jessica Hahn,https://www.ebay.com/itm/178511371940
178511415165,MAG-PLAYBOY-1986-03,9.49,Playboy Magazine March 1986 Sally Field Interview How to Kiss a Girl,https://www.ebay.com/itm/178511415165
178511418031,MAG-PLAYBOY-1992-09,3.79,Playboy Magazine September 1992 Sandra Bernhard Starkers,https://www.ebay.com/itm/178511418031
178511421997,MAG-PLAYBOY-1987-12-B,5.69,Playboy Magazine December 1987 Gala Christmas Brigitte Nielsen - Damaged,https://www.ebay.com/itm/178511421997
178511452063,COMIC-AIRBOY-V7-6-1950,33.24,Airboy Comics Vol 7 #6 July 1950 Hillman Golden Age - The Heap,https://www.ebay.com/itm/178511452063
178511470342,COMIC-YBSTRIKEFILE-2-1993,2.84,Youngblood Strikefile #2 Image Comics 1993 Rob Liefeld Jae Lee,https://www.ebay.com/itm/178511470342
178511478411,COMIC-XFILES-SE2-1996,4.74,X-Files Special Edition #2 Topps Comics 1996 Firebird Chris Carter,https://www.ebay.com/itm/178511478411
178511517085,COMIC-ALPHAFLIGHT-66-1989,4.74,Alpha Flight #66 Marvel Comics 1989 Alpha Attacks Alpha Jim Lee Art Newsstand,https://www.ebay.com/itm/178511517085
178511517180,COMIC-ALPHAFLIGHT-49-1987-A,4.74,Alpha Flight #49 Marvel Comics 1987 Direct Edition Copper Age,https://www.ebay.com/itm/178511517180
178511517428,COMIC-ALPHAFLIGHT-65-1988,4.74,Alpha Flight #65 Marvel Comics 1988 Box Out of Control Jim Lee Art Newsstand,https://www.ebay.com/itm/178511517428
178511517974,COMIC-ALPHAFLIGHT-113-1992,5.69,Alpha Flight #113 Marvel Comics 1992 Guardian Battles Alone Direct Edition,https://www.ebay.com/itm/178511517974
178511518530,COMIC-ALPHAFLIGHT-50-1987,5.69,Alpha Flight #50 Marvel Comics 1987 Special Double Size Issue Direct Edition,https://www.ebay.com/itm/178511518530
178511518670,COMIC-ALPHAFLIGHT-35-1986,4.74,Alpha Flight #35 Marvel Comics 1986 Marvel 25th Anniversary Direct Edition,https://www.ebay.com/itm/178511518670
178511519097,COMIC-ALPHAFLIGHT-31-1985,6.64,Alpha Flight #31 Marvel Comics 1985 Mike Mignola Cover Deadly Ernest Newsstand,https://www.ebay.com/itm/178511519097
178511519279,COMIC-STARSEED-7-1996,3.79,Star Seed #7 Broadway Comics 1996 Jim Shooter Era Direct Edition,https://www.ebay.com/itm/178511519279
178511519489,MAG-AMAZINGHEROES-123-1987,9.49,Amazing Heroes #123 Fantagraphics 1987 Frank Thorne Interview Red Sonja Ribit,https://www.ebay.com/itm/178511519489
178511519720,COMIC-SHADOWHAWK3-2-1993,3.79,Shadowhawk III #2 Image Comics 1993 Valentino Foster Second of Four,https://www.ebay.com/itm/178511519720
178511520022,COMIC-POWERPACK-5-1984,5.69,Power Pack #5 Marvel Comics 1984 Brigman Early Issue Direct Edition,https://www.ebay.com/itm/178511520022
178511520157,COMIC-WESTCOASTAVENGERS-41-1989,4.74,West Coast Avengers #41 Marvel Comics 1989 Mockingbird Phantom Rider Direct,https://www.ebay.com/itm/178511520157
178511520430,COMIC-JET-1-2000,3.79,Jet #1 Wildstorm 2000 Abnett Lanning Nguyen 1 of 4 Direct Sales Edition,https://www.ebay.com/itm/178511520430
178511520539,COMIC-JET-2-2000,3.79,Jet #2 Wildstorm 2000 Abnett Lanning Nguyen 2 of 4 Direct Sales Edition,https://www.ebay.com/itm/178511520539
178511628115,COMIC-CGW-PITBULLS-1993,3.79,Comics Greatest World Pit Bulls Dark Horse 1993 Week 2 Bob McLeod Cover,https://www.ebay.com/itm/178511628115
178511658382,DECOR-HYDEEEK-SKULL-LAVALAMP-2024,23.74,Hyde and EEK Boutique Skull Lava Lamp Bat Topper Green Halloween Target 2024 New,https://www.ebay.com/itm/178511658382
178511683204,COMIC-BIGBOY-157-1969,7.59,Adventures of the Big Boy #157 July 1969 Bobs Big Boy Restaurant Promo Comic,https://www.ebay.com/itm/178511683204
178511691623,COMIC-ALIEN3-1-1992,4.74,Alien 3 #1 of 3 Dark Horse Comics 1992 Arthur Suydam Painted Cover Movie Comic,https://www.ebay.com/itm/178511691623
178511702620,COMIC-FOURCOLOR-1001-1959,18.99,Four Color #1001 Lowell Thomas High Adventure Dell 1959 Photo Cover Silver Age,https://www.ebay.com/itm/178511702620
178511702727,COMIC-ASYLUM-8-1996,3.79,Asylum #8 Maximum Press 1996 Rob Liefeld Battlestar Galactica Megaton Man Risk,https://www.ebay.com/itm/178511702727
178511702838,COMIC-MODESTYBLAISE-1-1988,5.69,The Official Modesty Blaise #1 Pioneer Comics 1988 Peter ODonnell Jim Holdaway,https://www.ebay.com/itm/178511702838
178511710147,COMIC-WESTCOASTAVENGERS-46-1989,23.74,West Coast Avengers #46 Marvel 1989 1st Appearance Great Lakes Avengers Byrne,https://www.ebay.com/itm/178511710147
178514376736,FIG-LILLIPUT-TAILOR-L2054-1997,18.99,Lilliput Lane The Tailor L2054 Victorian Shops Collection 1997 Handmade England,https://www.ebay.com/itm/178514376736
178514412247,FIG-IRS-SUSANS-HAT-SHOP-AH127-1997,9.49,Susans Hat Shop AH127 International Resourcing Services 1997 Resin Village House,https://www.ebay.com/itm/178514412247
178514434997,FIG-IRS-DEARLYS-GROCERY-AH154-1998,9.49,Dearlys Grocery Store AH154 International Resourcing Services 1998 Resin Village,https://www.ebay.com/itm/178514434997
178514445677,FIG-GOEBEL-CHIMNEYSWEEP-PIG-SPO61,28.49,Goebel W Germany Chimney Sweep Riding Pig Figurine SPO 61 Lucky Charm Ladder,https://www.ebay.com/itm/178514445677
178515107974,FIG-GOEBEL-BYJ69-BACHELOR-DEGREE-1970,14.24,Goebel Charlot Byj Redhead Bachelor Degree Boy Graduate Figurine Byj 69 Germany,https://www.ebay.com/itm/178515107974
178515121633,FIG-GOEBEL-COBOY-FRITZ-WELL509,23.74,Goebel Co-Boy Gnome Fritz the Wine Merchant Well 509 W Germany 1970 Skrobek 8 in,https://www.ebay.com/itm/178515121633
178515143199,FIG-GOEBEL-BETSEYCLARK-PRAYING-1972,12.34,Goebel Hallmark Betsey Clark Praying Child Figurine 1972 W Germany Patchwork,https://www.ebay.com/itm/178515143199
178515216211,COMIC-ICON-9-1994,3.79,Icon #9 Milestone DC Comics 1994 Shadow War Crossover Direct Sales Edition,https://www.ebay.com/itm/178515216211
178515235116,COMIC-ICON-2-1993,4.74,Icon #2 Milestone DC Comics 1993 Rocket Early Issue Direct Edition McDuffie,https://www.ebay.com/itm/178515235116
178515237550,COMIC-AFTERTHEFACTS-1-2003,4.74,After the Facts #1 of 2 Randy Lander Farabee Turnage Indie Comic Gail Simone,https://www.ebay.com/itm/178515237550
178515243001,COMIC-ADVOUTSIDERS-46-1987,3.79,Adventures of the Outsiders #46 DC Comics 1987 Katana vs Halo Barr Duursema,https://www.ebay.com/itm/178515243001
178515243074,COMIC-ARAK-5-1982,3.79,Arak Son of Thunder #5 DC Comics 1982 Tournament of Titans Ernie Colon Bronze,https://www.ebay.com/itm/178515243074
178515243139,COMIC-AQUAMAN-17-2004,3.79,Aquaman #17 DC Comics 2004 Urban Renewal Pfeifer Gleason Sub Diego Direct Sales,https://www.ebay.com/itm/178515243139
178515243205,COMIC-ADAMBOMB-1-BLUEMONKEY,4.74,Adam Bomb Comics #1 Blue Monkey Comics First Issue Andy Fish Tony Antetomaso,https://www.ebay.com/itm/178515243205
178515248153,COMIC-PULPFANTASTIC-1-2000,3.79,Pulp Fantastic #1 of 3 DC Vertigo V2K 2000 Howard Chaykin Tischman Burchett,https://www.ebay.com/itm/178515248153
178515248245,COMIC-SECRETROMANCE-25-1973,5.69,Secret Romance #25 Charlton Comics 1973 Bronze Age Romance Cappello Cover 20c,https://www.ebay.com/itm/178515248245
178515281280,COMIC-HAVOKWOLVERINE-MELTDOWN-2-1989,5.69,Havok and Wolverine Meltdown #2 Marvel Epic 1989 Simonson Jon J Muth Williams,https://www.ebay.com/itm/178515281280
178515281329,COMIC-ALIENLEGION-15-1986,3.79,Alien Legion #15 Marvel Epic Comics August 1986 Elektra Assassin Back Cover Ad,https://www.ebay.com/itm/178515281329
178515281382,COMIC-MORBIDANGEL-2-1996,4.74,Morbid Angel #2 London Night Studios 1996 Robertson Everette Hartsoe Bad Girl,https://www.ebay.com/itm/178515281382
178515281446,COMIC-TOXICAVENGER-4-1991,5.69,Toxic Avenger #4 Marvel Comics July 1991 Lethal Linda Sludgeface Troma Direct,https://www.ebay.com/itm/178515281446
178515281505,COMIC-LANDOFTHEGIANTS-1-1968,9.49,Land of the Giants #1 Gold Key 1968 Photo Cover Silver Age Irwin Allen TV Comic,https://www.ebay.com/itm/178515281505
178517736561,FIG-GRETCHEN-GIFTSOFLOVE-1979,17.09,Gretchen Gifts of Love Figurine 1979 WWA Designers Collection Boy Girl on Bench,https://www.ebay.com/itm/178517736561
178517762524,FIG-HOLLYHOBBIE-TEAPARTY-1977,18.99,Holly Hobbie Tea Party Figurine 1977 WWA Designers Collection 2 Girls Porcelain,https://www.ebay.com/itm/178517762524
178517784830,GLOBE-SFMB-ANGUS-YOURELATE-296,28.49,San Francisco Music Box Angus & Friends You're Late Cat Snow Globe #296/1000 LE,https://www.ebay.com/itm/178517784830
178517806106,COMIC-PUNISHER-POV-1-1991,4.74,Punisher P.O.V. #1 Marvel Comics 1991 Jim Starlin Bernie Wrightson Prestige,https://www.ebay.com/itm/178517806106
178520730541,TRAIN-20THCENTURY-DISPLAY-SHELF,33.24,20th Century Limited Model Train Display Shelf Wall Mount HO Scale Track Wood,https://www.ebay.com/itm/178520730541
178520873408,FUNKO-BLEACH-URYU-1696,9.49,Funko Pop! Animation Bleach Uryu Ishida #1696 Vinyl Figure New in Box,https://www.ebay.com/itm/178520873408
178520892413,FIG-HUMMEL-TIMEOUT-470,42.74,Goebel M.I. Hummel Time Out HUM 470 Club Special Edition No. 8 W Germany w/ Box,https://www.ebay.com/itm/178520892413
178526583235,CARD-GHOSTRIDER2-40,2.14,1992 Comic Images Ghost Rider II #40 Revenge Marvel Trading Card,https://www.ebay.com/itm/178526583235
178526583435,CARD-GHOSTRIDER2-39,2.14,1992 Comic Images Ghost Rider II #39 You Will Die Marvel Trading Card,https://www.ebay.com/itm/178526583435
178526583589,CARD-GHOSTRIDER2-35,2.14,1992 Comic Images Ghost Rider II #35 Buried Marvel Trading Card,https://www.ebay.com/itm/178526583589
178526583687,CARD-GHOSTRIDER2-08,2.14,1992 Comic Images Ghost Rider II #8 Snowblind Marvel Trading Card,https://www.ebay.com/itm/178526583687
178526583955,CARD-GHOSTRIDER2-11,2.14,1992 Comic Images Ghost Rider II #11 Old Times Marvel Trading Card,https://www.ebay.com/itm/178526583955
178526584387,CARD-GHOSTRIDER2-38,2.14,1992 Comic Images Ghost Rider II #38 Final Conflict Marvel Trading Card,https://www.ebay.com/itm/178526584387
178526585020,CARD-GHOSTRIDER2-10,2.14,1992 Comic Images Ghost Rider II #10 The Original Marvel Trading Card,https://www.ebay.com/itm/178526585020
178526585332,CARD-GHOSTRIDER2-04,2.14,1992 Comic Images Ghost Rider II #4 Asleep Marvel Trading Card,https://www.ebay.com/itm/178526585332
178526585740,CARD-GHOSTRIDER2-03,2.14,1992 Comic Images Ghost Rider II #3 Possessed Marvel Trading Card,https://www.ebay.com/itm/178526585740
178526587294,CARD-GHOSTRIDER2-02,2.14,1992 Comic Images Ghost Rider II #2 Zodiak Marvel Trading Card,https://www.ebay.com/itm/178526587294
178526589532,CARD-GHOSTRIDER2-01,2.14,1992 Comic Images Ghost Rider II #1 Blood Signs Marvel Trading Card,https://www.ebay.com/itm/178526589532
178526590568,CARD-GHOSTRIDER2-07,2.14,1992 Comic Images Ghost Rider II #7 Captured Marvel Trading Card,https://www.ebay.com/itm/178526590568
178526591309,CARD-GHOSTRIDER2-36,2.14,1992 Comic Images Ghost Rider II #36 Deathwatch Marvel Trading Card,https://www.ebay.com/itm/178526591309
178526592477,CARD-GHOSTRIDER2-77,2.14,1992 Comic Images Ghost Rider II #77 The Start Marvel Trading Card,https://www.ebay.com/itm/178526592477
178526593677,CARD-GHOSTRIDER2-78,2.14,1992 Comic Images Ghost Rider II #78 The Champions Marvel Trading Card,https://www.ebay.com/itm/178526593677
178526598078,CARD-GHOSTRIDER2-06,2.14,1992 Comic Images Ghost Rider II #6 Dr. Strange Marvel Trading Card,https://www.ebay.com/itm/178526598078
178526599149,CARD-GHOSTRIDER2-73,2.14,1992 Comic Images Ghost Rider II #73 Powers and Abilities Marvel Trading Card,https://www.ebay.com/itm/178526599149
178526601945,CARD-GHOSTRIDER2-72,2.14,1992 Comic Images Ghost Rider II #72 The Chain Marvel Trading Card,https://www.ebay.com/itm/178526601945
178526615756,CARD-GHOSTRIDER2-70,2.14,1992 Comic Images Ghost Rider II #70 Transformation Marvel Trading Card,https://www.ebay.com/itm/178526615756
178526615962,CARD-GHOSTRIDER2-69,2.14,1992 Comic Images Ghost Rider II #69 Demon? Marvel Trading Card,https://www.ebay.com/itm/178526615962
178526616119,CARD-GHOSTRIDER2-67,2.14,1992 Comic Images Ghost Rider II #67 Vendetta Marvel Trading Card,https://www.ebay.com/itm/178526616119
178526616227,CARD-GHOSTRIDER2-66,2.14,1992 Comic Images Ghost Rider II #66 Teacher Marvel Trading Card,https://www.ebay.com/itm/178526616227
178526616375,CARD-GHOSTRIDER2-65,2.14,1992 Comic Images Ghost Rider II #65 Partners Marvel Trading Card,https://www.ebay.com/itm/178526616375
178526616554,CARD-GHOSTRIDER2-64,2.14,1992 Comic Images Ghost Rider II #64 Spirits of Vengeance Marvel Trading Card,https://www.ebay.com/itm/178526616554
178526616709,CARD-GHOSTRIDER2-24,2.14,1992 Comic Images Ghost Rider II #24 Spider-Man Marvel Trading Card,https://www.ebay.com/itm/178526616709
178526616837,CARD-GHOSTRIDER2-23,2.14,1992 Comic Images Ghost Rider II #23 Hobgoblin Marvel Trading Card,https://www.ebay.com/itm/178526616837
178526616954,CARD-GHOSTRIDER2-21,2.14,1992 Comic Images Ghost Rider II #21 Exhausted Marvel Trading Card,https://www.ebay.com/itm/178526616954
178526617148,CARD-GHOSTRIDER2-22,2.14,1992 Comic Images Ghost Rider II #22 Team-Up Marvel Trading Card,https://www.ebay.com/itm/178526617148
178526617316,CARD-GHOSTRIDER2-20,2.14,1992 Comic Images Ghost Rider II #20 Scarred Marvel Trading Card,https://www.ebay.com/itm/178526617316
178526617536,CARD-GHOSTRIDER2-19,2.14,1992 Comic Images Ghost Rider II #19 Stop It! Marvel Trading Card,https://www.ebay.com/itm/178526617536
178526617667,CARD-GHOSTRIDER2-18,2.14,1992 Comic Images Ghost Rider II #18 No Escape Marvel Trading Card,https://www.ebay.com/itm/178526617667
178526617824,CARD-GHOSTRIDER2-55,2.14,1992 Comic Images Ghost Rider II #55 Four of Us Marvel Trading Card,https://www.ebay.com/itm/178526617824
178526617951,CARD-GHOSTRIDER2-05,2.14,1992 Comic Images Ghost Rider II #5 Zarathos Marvel Trading Card,https://www.ebay.com/itm/178526617951
178526618211,CARD-GHOSTRIDER2-71,2.14,1992 Comic Images Ghost Rider II #71 Emblem Marvel Trading Card,https://www.ebay.com/itm/178526618211
178526623861,CARD-GHOSTRIDER2-27,2.14,1992 Comic Images Ghost Rider II #27 Bare Bones Marvel Trading Card,https://www.ebay.com/itm/178526623861
178526624002,CARD-GHOSTRIDER2-28,2.14,1992 Comic Images Ghost Rider II #28 In Between Marvel Trading Card,https://www.ebay.com/itm/178526624002
178526624199,CARD-GHOSTRIDER2-29,2.14,1992 Comic Images Ghost Rider II #29 Suicide Marvel Trading Card,https://www.ebay.com/itm/178526624199
178526624321,CARD-GHOSTRIDER2-30,2.14,1992 Comic Images Ghost Rider II #30 Mephisto Marvel Trading Card,https://www.ebay.com/itm/178526624321
178526624485,CARD-GHOSTRIDER2-31,2.14,1992 Comic Images Ghost Rider II #31 Death Marvel Trading Card,https://www.ebay.com/itm/178526624485
178526624713,CARD-GHOSTRIDER2-32,2.14,1992 Comic Images Ghost Rider II #32 Punishment Marvel Trading Card,https://www.ebay.com/itm/178526624713
178526624980,CARD-GHOSTRIDER2-33,2.14,1992 Comic Images Ghost Rider II #33 Penance Stare Marvel Trading Card,https://www.ebay.com/itm/178526624980
178438251663,PKMN-ERI-SR-091-SV5K,4.74,Pokemon TCG Japanese Eri Wild Force 091/071 Super Rare Card,https://www.ebay.com/itm/178438251663
178526648156,CARD-GHOSTRIDER2-34,2.14,1992 Comic Images Ghost Rider II #34 Ninjas Marvel Trading Card,https://www.ebay.com/itm/178526648156
178526648568,CARD-GHOSTRIDER2-51,2.14,1992 Comic Images Ghost Rider II #51 Moon Knight Marvel Trading Card,https://www.ebay.com/itm/178526648568
178526648773,CARD-GHOSTRIDER2-52,2.14,1992 Comic Images Ghost Rider II #52 Daredevil Marvel Trading Card,https://www.ebay.com/itm/178526648773
178526649007,CARD-GHOSTRIDER2-53,2.14,1992 Comic Images Ghost Rider II #53 Fear Marvel Trading Card,https://www.ebay.com/itm/178526649007
178526654538,CARD-GHOSTRIDER2-62,2.14,1992 Comic Images Ghost Rider II #62 Mistaken I.D. Marvel Trading Card,https://www.ebay.com/itm/178526654538
178526654814,CARD-GHOSTRIDER2-63,2.14,1992 Comic Images Ghost Rider II #63 Darkhold Marvel Trading Card,https://www.ebay.com/itm/178526654814
178526680184,CARD-GHOSTRIDER2-80,2.14,1992 Comic Images Ghost Rider II #80 Checklist Marvel Trading Card,https://www.ebay.com/itm/178526680184
178526680343,CARD-GHOSTRIDER2-74,2.14,1992 Comic Images Ghost Rider II #74 Pain Marvel Trading Card,https://www.ebay.com/itm/178526680343
178526680406,CARD-GHOSTRIDER2-75,5.69,1992 Comic Images Ghost Rider II #75 Taking a Human Life Marvel Trading Card,https://www.ebay.com/itm/178526680406
178526680479,CARD-GHOSTRIDER2-50,2.14,1992 Comic Images Ghost Rider II #50 Deathlock Marvel Trading Card,https://www.ebay.com/itm/178526680479
178526680531,CARD-GHOSTRIDER2-48,2.14,1992 Comic Images Ghost Rider II #48 Blackheart Marvel Trading Card,https://www.ebay.com/itm/178526680531
178526680594,CARD-GHOSTRIDER2-46,2.14,1992 Comic Images Ghost Rider II #46 Undead Marvel Trading Card,https://www.ebay.com/itm/178526680594
178526682507,CARD-GHOSTRIDER2-42,2.14,1992 Comic Images Ghost Rider II #42 Nightmare Marvel Trading Card,https://www.ebay.com/itm/178526682507
178526682582,CARD-GHOSTRIDER2-43,2.14,1992 Comic Images Ghost Rider II #43 New Orleans Marvel Trading Card,https://www.ebay.com/itm/178526682582
178526682662,CARD-GHOSTRIDER2-45,2.14,1992 Comic Images Ghost Rider II #45 Hot Heads Marvel Trading Card,https://www.ebay.com/itm/178526682662
178526684348,CARD-GHOSTRIDER2-61,2.14,1992 Comic Images Ghost Rider II #61 Nightstalkers Marvel Trading Card,https://www.ebay.com/itm/178526684348
178526689494,CARD-GHOSTRIDER2-59,2.14,1992 Comic Images Ghost Rider II #59 Morbius Marvel Trading Card,https://www.ebay.com/itm/178526689494
178526693472,CARD-GHOSTRIDER2-58,2.14,1992 Comic Images Ghost Rider II #58 Lilith Marvel Trading Card,https://www.ebay.com/itm/178526693472
178526702365,CARD-GHOSTRIDER2-57,2.14,1992 Comic Images Ghost Rider II #57 Lilith's Motive Marvel Trading Card,https://www.ebay.com/itm/178526702365
178536394879,TRAIN-FM-CRESCENT-LIMITED-1396,142.5,Franklin Mint HO Southern Crescent Limited 1396 4-6-2 Steam Locomotive Only 1989,https://www.ebay.com/itm/178536394879
178539471877,mag-penthouse-1986-12,7.59,Penthouse Magazine December 1986 Special Holiday Issue Vintage,https://www.ebay.com/itm/178539471877
178451166492,PKMN-CHATOT-AR-081-SV5K,5.69,Chatot Perap AR 081/071 sv5K Wild Force Japanese Pokemon Card Art Rare,https://www.ebay.com/itm/178451166492
178451657951,pkmn-malamar-vmax-122-192,3.79,Pokemon Malamar VMAX 122/192 Rebel Clash Ultra Rare Holo NM,https://www.ebay.com/itm/178451657951
178451658039,pkmn-magearna-v-182-195,3.79,Pokemon Magearna V 182/195 Silver Tempest Holo Rare NM,https://www.ebay.com/itm/178451658039
178451669262,pkmn-palkia-004-025,2.14,Pokemon Palkia 004/025 Celebrations Stamped Holo Rare Excellent,https://www.ebay.com/itm/178451669262
178451784751,pkmn-tatsugiri-ex-142-191,1.89,Pokemon Tatsugiri ex 142/191 Surging Sparks Tera Rare NM,https://www.ebay.com/itm/178451784751
178451822164,pkmn-flygon-ex-106-191,1.89,Pokemon Flygon ex 106/191 Surging Sparks Tera Rare NM,https://www.ebay.com/itm/178451822164
178451831220,pkmn-giratina-v-130-196,2.84,Pokemon Giratina V 130/196 Lost Origin Holo Rare NM,https://www.ebay.com/itm/178451831220
178451844503,pkmn-glimmora-ex-213-197,2.84,Pokemon Glimmora ex 213/197 Obsidian Flames Secret Rare NM,https://www.ebay.com/itm/178451844503
178451856166,pkmn-pikachu-018-091-tot,1.89,Pokemon Pikachu 018/091 Paldean Fates Trick or Trade Stamped,https://www.ebay.com/itm/178451856166
178451876927,pkmn-beach-court-263-182,4.74,Pokemon Beach Court 263/182 Paradox Rift Gold Secret Rare NM,https://www.ebay.com/itm/178451876927
178541240198,MAG-PENTHOUSE-2005-09,12.34,Penthouse Magazine September 2005 Pet of the Year Play-off Gina Austin,https://www.ebay.com/itm/178541240198
178541240246,MAG-PLAYBOY-PLAYMATEREVIEW-2ND,12.34,Playboy's Playmate Review Second Annual Special Edition Vintage,https://www.ebay.com/itm/178541240246
178541256886,MAG-PENTHOUSE-2005-10,9.49,Penthouse Magazine October 2005 Red-Hot Anniversary Issue,https://www.ebay.com/itm/178541256886
178541257250,MAG-PLAYBOY-1974-04,10.44,Playboy Magazine April 1974 Marlene Morrow Jane Fonda Tom Hayden,https://www.ebay.com/itm/178541257250
178542834447,MAG-PENTHOUSE-2006-06,12.34,Penthouse Magazine June 2006 Sully Erna Godsmack J.J. Abrams Louis C.K. Sounds,https://www.ebay.com/itm/178542834447
178559643887,CARD-PHELPS-1988,2.14,1988 Score #256 Ken Phelps Seattle Mariners Baseball Card,https://www.ebay.com/itm/178559643887
178559644122,CARD-ROMERO-1988,2.14,1988 Score #259 Ed Romero Boston Red Sox Baseball Card,https://www.ebay.com/itm/178559644122
178559644219,CARD-TETTLETON-1988,2.14,1988 Score #269 Mickey Tettleton Oakland Athletics Baseball Card,https://www.ebay.com/itm/178559644219
178559644296,CARD-RANDOLPH-1988,2.14,1988 Score #266 Willie Randolph New York Yankees Baseball Card,https://www.ebay.com/itm/178559644296
178559644376,CARD-LSMITH-1988,2.14,1988 Score #263 Lonnie Smith Kansas City Royals Baseball Card,https://www.ebay.com/itm/178559644376
178559644451,CARD-ABNER-1988,2.14,1988 Score #626 Shawn Abner San Diego Padres Rookie Prospect Baseball Card,https://www.ebay.com/itm/178559644451
178559644531,CARD-RAMSEY-1988,2.14,1988 Score #267 Mike Ramsey Los Angeles Dodgers Baseball Card,https://www.ebay.com/itm/178559644531
178559646258,CARD-FORSCH-1988,2.14,1988 Score #264 Bob Forsch St. Louis Cardinals Baseball Card,https://www.ebay.com/itm/178559646258
178559646700,CARD-NIEDENFUER-1988,2.14,1988 Score #261 Tom Niedenfuer Baltimore Orioles Baseball Card,https://www.ebay.com/itm/178559646700
178559646973,CARD-SULLIVAN-1988,2.14,1988 Score #271 Marc Sullivan Boston Red Sox Baseball Card,https://www.ebay.com/itm/178559646973
178559647065,CARD-DEMPSEY-1988,2.14,1988 Score #262 Rick Dempsey Cleveland Indians Baseball Card,https://www.ebay.com/itm/178559647065
178559647141,CARD-MOSES-1988,2.14,1988 Score #309 John Moses Seattle Mariners Baseball Card,https://www.ebay.com/itm/178559647141
178559647204,CARD-RAY-1988,2.14,1988 Score #254 Johnny Ray California Angels Baseball Card,https://www.ebay.com/itm/178559647204
178559647260,CARD-STODDARD-1988,2.14,1988 Score #258 Tim Stoddard New York Yankees Baseball Card,https://www.ebay.com/itm/178559647260
178559647336,CARD-NEWMAN-1988,2.14,1988 Score #252 Al Newman Minnesota Twins Baseball Card,https://www.ebay.com/itm/178559647336
178559647423,CARD-BREAM-1988,2.14,1988 Score #260 Sid Bream Pittsburgh Pirates Baseball Card,https://www.ebay.com/itm/178559647423
178559647543,CARD-BURROWS-2021,2.14,2021 Topps #123 Beau Burrows Detroit Tigers RC Rookie Baseball Card,https://www.ebay.com/itm/178559647543
178559647717,CARD-MEJIA-2021,2.14,2021 Topps #139 Humberto Mejia Arizona Diamondbacks RC Rookie Baseball Card,https://www.ebay.com/itm/178559647717
178559647862,CARD-ESPINAL-2021,2.14,2021 Topps Gypsy Queen #62 Santiago Espinal Blue Jays RC Rookie Baseball Card,https://www.ebay.com/itm/178559647862
178559648047,CARD-GARCIA-2021,2.14,2021 Topps Archives #240 Luis Garcia Houston Astros RC Rookie Baseball Card,https://www.ebay.com/itm/178559648047
178559648262,CARD-FLEER-STICKER-FLEER,2.14,Fleer Team Logo Sticker St. Louis Cardinals National League Baseball Card,https://www.ebay.com/itm/178559648262
178559648711,CARD-PCA-2024,10.44,2024 Topps Chrome Update Future Stars #FSU-19 Pete Crow-Armstrong RC Rookie Card,https://www.ebay.com/itm/178559648711
178559648849,CARD-FLOWERS-2023,2.14,2023 Panini Select Future #FUT-ZFL Zay Flowers Ravens RC Rookie Football Card,https://www.ebay.com/itm/178559648849
178559648921,CARD-MATTHEWS-2023,2.14,2023 Panini Select Suite Level #424 Clay Matthews Cleveland Browns Football Card,https://www.ebay.com/itm/178559648921
178559648966,CARD-MONK-2023,2.14,2023 Panini Select Field Level #395 Art Monk Washington Redskins Football Card,https://www.ebay.com/itm/178559648966
178559649014,CARD-BJOHNSON-2023,2.14,2023 Panini Select Premier Level #189 Brandon Johnson Broncos Football Card,https://www.ebay.com/itm/178559649014
178559649086,CARD-WAGNER-2020,2.14,2020 Donruss Optic #91 Bobby Wagner Seattle Seahawks Football Card,https://www.ebay.com/itm/178559649086
178559649149,CARD-GOLLADAY-2020,2.14,2020 Donruss Optic #36 Kenny Golladay Detroit Lions Football Card,https://www.ebay.com/itm/178559649149
178559649311,CARD-HAMPTON-2023,2.14,2023 Donruss Optic #33 Dan Hampton Chicago Bears Football Card,https://www.ebay.com/itm/178559649311
178559649426,CARD-ERTZ-2023,2.14,2023 Donruss Optic #6 Zach Ertz Arizona Cardinals Football Card,https://www.ebay.com/itm/178559649426
178559649521,CARD-MCCOURTY-2023,2.14,2023 Donruss Optic #129 Devin McCourty New England Patriots Football Card,https://www.ebay.com/itm/178559649521
178559649621,CARD-WENTZ-2020,2.14,2020 Panini Mosaic #160 Carson Wentz Philadelphia Eagles Football Card,https://www.ebay.com/itm/178559649621
178559649675,CARD-DUVERNAY-2022,2.14,2022 Panini Mosaic #214 Devin Duvernay Baltimore Ravens Football Card,https://www.ebay.com/itm/178559649675
178559649735,CARD-POYER-2024,2.14,2024 Panini Mosaic #139 Jordan Poyer Miami Dolphins Football Card,https://www.ebay.com/itm/178559649735
178559649847,CARD-CJONES-2024,2.14,2024 Panini Mosaic #112 Chris Jones Kansas City Chiefs Football Card,https://www.ebay.com/itm/178559649847
178559649902,CARD-WOODS-2024,2.14,2024 Panini Mosaic #96 Jelani Woods Indianapolis Colts Football Card,https://www.ebay.com/itm/178559649902
178559650013,CARD-TOON-2024,2.14,2024 Panini Mosaic #225 Al Toon New York Jets Football Card,https://www.ebay.com/itm/178559650013
178559650101,CARD-INGRAM-2019,2.14,2019 Panini Prizm Mark Ingram II Baltimore Ravens Football Card,https://www.ebay.com/itm/178559650101
178559650580,CARD-LEFTWICH-2006,2.14,2006 Topps Chrome #85 Byron Leftwich Jacksonville Jaguars Football Card,https://www.ebay.com/itm/178559650580
178559650644,CARD-AJOHNSON-2014,2.14,2014 Bowman #39 Anthony Johnson Miami Dolphins RC Rookie Football Card,https://www.ebay.com/itm/178559650644
178559650711,CARD-BUSH-2012,2.14,2012 Score #262 Reggie Bush Miami Dolphins Football Card,https://www.ebay.com/itm/178559650711
178559650760,CARD-ROBY-1991,2.14,1991 Upper Deck #272 Reggie Roby Miami Dolphins Football Card,https://www.ebay.com/itm/178559650760
178475146194,MLB-MISIOROWSKI-SMLB26-STARSOFMLB,2.37,2026 Topps Jacob Misiorowski Stars of MLB SMLB-26 RC Rookie Brewers Insert,https://www.ebay.com/itm/178475146194
178475176608,pkmn-altaria-gx-061-096-sm7,4.74,Pokemon Altaria GX 061/096 RR SM7 Sky-Splitting Charisma Japanese Holo Card,https://www.ebay.com/itm/178475176608
178475192940,MLB-STARSOFMLB-2026-LOT3-JUDGE-DELACRUZ-YELICH,5.69,2026 Topps Stars of MLB Insert Lot of 3 Aaron Judge Elly De La Cruz Yelich,https://www.ebay.com/itm/178475192940
178475222681,MLB-TITANS-2026-LOT3-SOTO-JULIO-DELACRUZ,5.69,2026 Topps Titans of the Game Lot of 3 Juan Soto Julio Rodriguez De La Cruz,https://www.ebay.com/itm/178475222681
178475241164,NFL-COMPOSITE-2024-LOT3-MONTANA-BRADSHAW-BLEDSOE,6.64,2024 Topps Composite Football Lot of 3 Joe Montana Terry Bradshaw Bledsoe QB,https://www.ebay.com/itm/178475241164
178475249361,NFL-COMPOSITE-2024-LOT3-MCNABB-VICK-DWILLIAMS,5.69,2024 Topps Composite Football Lot of 3 Michael Vick Donovan McNabb Williams QB,https://www.ebay.com/itm/178475249361
178475274977,NFL-CHROMEBLACK-2024-LOT3-SPROLES-HESTER-GEORGE,5.69,2024 Topps Chrome Black Lot of 3 Darren Sproles Devin Hester Eddie George,https://www.ebay.com/itm/178475274977
178475278080,pkmn-snom-ar-073-071-sv5k,6.64,Pokemon Snom AR 073/071 sv5K Wild Force Japanese Art Rare Holo Card 2024,https://www.ebay.com/itm/178475278080
178477266000,MLB-SKENES-2CARD-LOT-US288-SMLB21,5.69,Paul Skenes 2 Card Lot 2024 Topps Update US288 RC 2026 Stars of MLB Pirates,https://www.ebay.com/itm/178477266000
178477291181,MLB-LOT3-SOTO-ACUNA-BUXTON,5.69,Juan Soto Ronald Acuna Byron Buxton 3 Card Lot Topps Stadium Club Stars MLB,https://www.ebay.com/itm/178477291181
178477292154,PKMN-COFAGRIGUS-EX-224,4.74,Cofagrigus ex 224/182 Full Art Ultra Rare Paradox Rift Pokemon TCG,https://www.ebay.com/itm/178477292154
178477299915,TOPPS26S1-FERNANDEZ-MCLAIN-MUNCY-LOT,4.74,2026 Topps Series 1 Lot Fernandez RC McLain Muncy Greatest Hits Insert,https://www.ebay.com/itm/178477299915
178477335809,PKMN-ALCREMIE-CHR-201-S8B,5.69,Pokemon Japanese Alcremie CHR 201/184 s8b VMAX Climax Character Rare,https://www.ebay.com/itm/178477335809
178477549235,pkmn-malamar-chr-199-s8b,3.79,Malamar CHR 199/184 s8b VMAX Climax Japanese Pokemon Card Character Rare NM,https://www.ebay.com/itm/178477549235
178477553345,pkmn-spiritomb-chr-076-s10a,7.59,Spiritomb CHR 076/071 s10a Dark Phantasma Japanese Pokemon Character Rare NM,https://www.ebay.com/itm/178477553345
178477571033,topps26s1-chourio-dodgers-moniak-lot,5.69,2026 Topps Series 1 3 Card Lot Jackson Chourio Big Ticket Dodgers Moniak Foil,https://www.ebay.com/itm/178477571033
178477620518,mlb-johnson-martinez-dreyer-lot,5.69,Baseball Card Lot Randy Johnson Pedro Martinez Jack Dreyer RC Foil Topps Optic,https://www.ebay.com/itm/178477620518
178477675469,sc24-imanaga-gibson-crawford-red,5.69,2024 Topps Stadium Club Red Foil Lot Imanaga RC Bob Gibson Crawford 3 Cards,https://www.ebay.com/itm/178477675469
178477693701,pkmn-shroodle-297-sv4a,2.84,Shroodle 297/190 S Shiny Treasure ex sv4a Japanese Pokemon Card Holo NM,https://www.ebay.com/itm/178477693701
178477707765,pkmn-garganacl-285-sv4a,2.84,Garganacl 285/190 S Shiny Treasure ex sv4a Japanese Pokemon Card Holo NM,https://www.ebay.com/itm/178477707765
178477770352,sc24-holliday-powerpacked-pp27,2.37,Jackson Holliday RC 2024 Topps Stadium Club Power Packed PP-27 Orioles NM,https://www.ebay.com/itm/178477770352
178477776462,pkmn-parasect-chr-072-s10a,4.74,Parasect CHR 072/071 s10a Dark Phantasma Japanese Pokemon Character Rare NM,https://www.ebay.com/itm/178477776462
178477784744,pkmn-dusknoir-chr-198-s8b,3.32,Dusknoir CHR 198/184 s8b VMAX Climax Japanese Pokemon Character Rare Morty NM,https://www.ebay.com/itm/178477784744
178477808959,topps-pkmn-pidgeot-18-foil,4.27,Pidgeot #18 Topps Pokemon TV Animation Edition 1999 Holo Foil Black Logo,https://www.ebay.com/itm/178477808959
178477818236,topps-pkmn-nidorina-30,2.14,Nidorina #30 Topps Pokemon TV Animation Edition 1999 Trading Card Series 1,https://www.ebay.com/itm/178477818236
178477882166,pkmn-eternatus-vmax-110-s8b,4.27,Eternatus VMAX 110/184 RRR s8b VMAX Climax Japanese Pokemon Card Holo NM,https://www.ebay.com/itm/178477882166
178477903538,pkmn-paldean-clodsire-ex-219,4.27,Paldean Clodsire ex 219/091 Paldean Fates Shiny Ultra Rare Pokemon Card NM,https://www.ebay.com/itm/178477903538
178477987284,topps-pkmn-gloom-44,2.14,Gloom #44 Topps Pokemon TV Animation Edition 1999 Trading Card Series 1,https://www.ebay.com/itm/178477987284
